index,Username,timestamp
,0xcce4614adb19bc9e2296d5767cad47d7b70bbd10,1632750206.8521636
,0xfc30552fd46ad3059ba73b982c62b4869abfb003,1632826300.0923498
,0xcce4614adb19bc9e2296d5767cad47d7b70bbd10,1632827818.163175
,0x520955b53eB1553CBf67ec95bf1ace58C01E4219,1638619048.8942127
,0xA25bc8c1e230a476cB00f2e9c93ffC2D4e163dc5,1638620791.1011238
,0xA25bc8c1e230a476cB00f2e9c93ffC2D4e163dc5,1638961869.738227
,0xB43583341CaA5D2fd1e79DAA4EFcCb87c4904b0f,1638965796.0665057
,0xB43583341CaA5D2fd1e79DAA4EFcCb87c4904b0f,1638966231.76244
,0xA25bc8c1e230a476cB00f2e9c93ffC2D4e163dc5,1638967777.742902
,0xB43583341CaA5D2fd1e79DAA4EFcCb87c4904b0f,1638968664.8059766
,0xD4E8e17c7c79b8276D5B760bA24f44fE8473b583,1638982963.9309435
,0xA25bc8c1e230a476cB00f2e9c93ffC2D4e163dc5,1639043820.3097684
,0x6Ad728AFECF9E08A6D383e3422f58dC72d9EC2dB,1639045715.5641856
,0xD4E8e17c7c79b8276D5B760bA24f44fE8473b583,1639065679.484871
,0x7f5Ac3A7E29Ed532509C675fa69CB8aF9a7399C1,1639066966.717986
,0x6b3446860E6F88e39c20D50AFB94D4E6df884511,1639067490.948761
